"","Denominación_social","Domicilio_social","Latitud","Longitud","Fecha_constitución","CNAE","Objeto_social","Tamaño_empresa_por_facturación","Índice_crec_interanual_ventas","Tamaño_empresa_por_empleados","Empleo_fijo","Empleo_temporal","Teléfono","Estado","URL","Metatag_descripción","RRSS","Cotización_en_bolsa","Actividad_internacional","Capital_social","Empleados","Empleados_año","Resultado","Municipio"
"2","Adrada Ecologica Sl","CALLE SUBIDA A LA ERMITA, 3",41.59423865,-3.82462547,"14/11/2000","1102 - Elaboración de vinos","EL CULTIVO DE LA AGRICULTURA ECOLOGICA, ASI COMO LA TRANSFORMACION Y COMERCIALIZACION DE DICHOS PRODUCTOS LA ELABORACION Y CRIANZA DE VINOS, MOSTOS Y DERIVADOS, ALCOHOLICOS O NO, ASI COMO SU EMBOTELLADO Y COMERCIALIZACIO","Menor de 300 mil €","2017: 
2018: 31,91 %
2019: -43,24 %","-","Administrador:  JESUS L...
 MARIA TERESA P...:  JESUS L...","Administrador: Administrador
 MARIA TERESA P...: Administrador","947531096","Activa","-","-","-","NO","No constan","84.000 €","-","-","Positivo Consultar","Adrada de Haza"
"11","Bodegas Tarsus Sa","CARRETERA ROA, -A ANGUIX AKM 3",41.753478,-3.931921,"09/01/1998","1102 - Elaboración de vinos","Explotación de bodega.","Entre 0,6 y 1,5 millones €","2017: 
2018: 6,9 %
2019: 18,79 %","Entre 5 y 25","2015: 100,00 %
2016: 100,00 %
2017: 100,00 %
2018: 100,00 %
2019: 100,00 %","2015: 0 %
2016: 0 %
2017: 0 %
2018: 0 %
2019: 0 %","943445700","Activa","-","-","-","NO","No constan","1.502.500 €","6 (año 2020)","2020","Positivo Consultar","Anguix"
"12","Bodegas Los Astrales Sl","CALLE ASUNCION, 2",41.75374103,-3.93294857,"14/05/2001","1102 - Elaboración de vinos","LA EXPLOTACION AGRICOLA AMPLIAMENTE CONSIDERADA Y EL COMERCIO DE PRODUCTOS AGRICOLAS, ABONOS, PLANTAS, FLORES Y SEMILLAS. LA FABRICACION, ELABORACION Y COMERCIALIZACION DE PRODUCTOS VITIVINICOLAS. LA ADQUISICION DE BIENE","Entre 0,6 y 1,5 millones €","2016: 
2017: 11,54 %
2018: -18,79 %","Entre 5 y 25","2015: 100,00 %
2016: 100,00 %
2017: 83,33 %
2018: 83,33 %","2015: 0 %
2016: 0 %
2017: 16,66 %
2018: 16,66 %","947554222","Activa","http://www.astrales.es","- -","https://www.facebook.com/AstralesOficial/, https://twitter.com/bodegaastrales, https://www.instagram.com/bodegas_astrales/","NO","No constan","288.119,4 €","6 (año 2018)","2018","Positivo Consultar","Anguix"
"13","Bodegas Y Viñedos Gallego Zapatero Sl","PLAZA OLMA, 4",41.75220341,-3.93174715,"15/07/2005","1102 - Elaboración de vinos","LA ELABORACION Y CRIANZA DE TODO TIPO DE VINOS CON O SIN DENOMINACION DE ORIGEN, ASI COMO SU COMERCIALIZACION Y DISTRIBUCION. EXPLOTACIONES AGRICOLAS DE VINEDOS Y CEREALES","Menor de 300 mil €","2016: 
2017: 22,18 %
2018: 12,16 %","Menos de 5","2014: 100,00 %
2015: 100,00 %
2016: 100,00 %
2017: 100,00 %
2018: 100,00 %","2014: 0 %
2015: 0 %
2016: 0 %
2017: 0 %
2018: 0 %","947554042","Activa","http://www.bodegayotuel.es","-","-","NO","No constan","384.000 €","1 (año 2018)","2018","Positivo Consultar","Anguix"
"14","Valtoñar Sl","CARRETERA ROA (KM 5)",41.753478,-3.931921,"07/01/2004","1102 - Elaboración de vinos","LA PRODUCCION TRANSFORMACION Y COMERCIALIZACION DE PRODUCTOS AGROPECUARIAS","Menor de 300 mil €","2017: 
2018: -0,34 %
2019: 23,34 %","-","Administrador Único:  SATURNINO FELIX R...","-","-","Activa","-","-","-","NO","No constan","1.125.000 €","-","-","Positivo Consultar","Anguix"
"15","Viñedos Reimark Iii Millenium Sl  (extinguida)","TRAVESIA CANEVILLA, 3",41.754247,-3.933033,"03/12/1999","1102 - Elaboración de vinos","LA REALIZACION DE TODO TIPO DE TRABAJOS EN EXPLOTACIONES AGRARIAS Y LA TRANSFORMACION Y COMERCIALIZACION DE PRODUCTOS AGRICOLAS Y AGROALIMENTICIOS, ESPECIALMENTE CULTIVOS DE VINEDO Y OTROS TRABAJOS ACCESORIOS, ASI COMO L","-","-","-","-","-","-","Extinguida","-","-","-","NO","No constan","12.000 €","-","-","Negativo Consultar","Anguix"
"27","Viñedos Y Bodegas De Anguix Sl  (extinguida)","LUGAR PARAJE LA TEJERA, 1",0,0,"07/09/1999","1102 - Elaboración de vinos","TODO LO RELACIONADO CON LA ELABORACION, PRODUCCION, DISTRIBUCION Y VENTA AL POR MAYOR Y MENOR, EN ESPANA O EN EL EXTRANJERO DE TODO TIPO DE BEBIDAS Y PRODUCTOS DE ALIMENTACION. LA EXPLOTACION DE NEGOCIOS RELACIONADAS CON","-","-","-","-","-","-","Extinguida","-","-","-","NO","No constan","4.000 €","-","-","Positivo Consultar","Anguix"
"29","Cepas Familiares Sl.","CARRETERA ROA, 7",41.753465,-3.931934,"16/11/2018","1102 - Elaboración de vinos","La elaboración de vinos. Labores de plantación, siembra, cultivo, recolección, transporte y tratamiento agrícola de tierras y productos agrícolas en general y vinícolas en particular. Elaboración, comercialización, crianza y reserva de toda clase de vinos con uva propia o ajena","-","Administrador Único:  MARCOS D...","-","-","-","-","Activa","-","-","-","NO","No constan","3.000 €","-","-","-","Anguix"
"72","Bodegas Peñalba Lopez Sl","LUGAR TORREMILANOS, S/N - FINCA TORREMILANOS",41.679609,-3.704863,"31/12/1986","1102 - Elaboración de vinos","Elaboración, crianza, comercialización de vinos con denominación de origen, Ribera de Duero y Cava, además de explotación de hotel.","Entre 3 y 6 millones €","2016: 
2017: 19,29 %
2018: 2,33 %
2019:  %","Entre 25 y 50","2014: 87,50 %
2015: 86,84 %
2016: 79,48 %
2017: 80,48 %
2018: 80,48 %","2014: 12,50 %
2015: 13,15 %
2016: 20,51 %
2017: 19,51 %
2018: 19,51 %","947501381","Activa","http://www.torremilanos.com","Descubre Finca Torremilanos. Más de un siglo de historia y respeto por nuestro viñedo, que cultivamos de manera biodinánica, dando lugar a unos vinos D.O Ribera del Duero únicos y especiales. Unos vinos biodinámicos Ribera del Duero que te sorprenderán -","https://www.facebook.com/hoteltorremilanos/, https://www.instagram.com/torremilanos/","NO","Importa y Exporta","3.960.571,97 €","45 (año 2020)","2020","Positivo Consultar","Aranda de Duero"
"92","Dominio De Cair Sl","CARRETERA ARANDA (KM 9)",41.679609,-3.704863,"26/03/2009","1102 - Elaboración de vinos","EXPLOTACION Y DESARROLLO DE FINCAS EN SUS VERTIENTES AGRICOLA Y VITICOLA, ASI COMO SU COMERCIALIZACION. ADQUISICION DE FINCAS Y SU ARRENDAMIENTO. PRESTACION DE SERVICIOS DE ASISTENCIA TECNICA Y ASESORAMIENTO QUE GUARDEN","Entre 1,5 y 3 millones €","2016: 
2017: -0,82 %
2018: 8,45 %","Entre 5 y 25","2014: 100,00 %
2015: 85,71 %
2016: 100,00 %
2017: 88,88 %
2018: 100,00 %","2014: 0 %
2015: 14,28 %
2016: 0 %
2017: 11,11 %
2018: 0 %","947545276","Activa","http://www.dominiodecair.com","Fruto del carácter inquieto del bodeguero Juan Luis Cañas nace Dominio de Cair, un nuevo reto que se resume en un fin, hacer grandes vinos en una tierra excepcional, la Ribera del Duero. Bodega, Ribera de Duero, vino, enoturismo, Luis Cañas, tempranillo, Merlot, winebar, Crianza, Dominio de Cair, Tierras de Cair, Cair Cuvée, ","https://www.facebook.com/pages/Bodega-Dominio-de-Cair/360603777349599?fref=ts, https://twitter.com/dominiodecair, https://twitter.com/DominioDeCair?ref_src=twsrc%5Etfw","NO","Exporta","10.576.000 €","9 (año 2018)","2018","Positivo Consultar","Aranda de Duero"
"106","Bodegas Vinaranda Sl","CALLE PICOTE, 18",41.67018253,-3.70542459,"06/03/1998","1102 - Elaboración de vinos","Elaboracion y venta al por mayor y menor de vinos en general","Entre 1,5 y 3 millones €","2016: 
2017: 75,76 %
2018: -24,81 %
2019:  %","Menos de 5","2015: 0 %
2016: 0 %
2018: 0 %","2015: 100,00 %
2016: 100,00 %
2018: 100,00 %","947546414","Activa","http://www.vinabuena.com","- -","","NO","Importa","43.272,88 €","3 (año 2020)","2020","Positivo Consultar","Aranda de Duero"
"121","Bodegas Esteban Sanz Sl","CALLE BARRIONUEVO, 12 - BJ",41.671776,-3.687661,"15/06/2001","1102 - Elaboración de vinos","Elaboración de vinos de todo tipo.","Entre 0,6 y 1,5 millones €","2017: 
2018: -0,05 %
2019: -7,31 %","Entre 5 y 25","2015: 100,00 %
2016: 87,50 %
2017: 66,66 %
2018: 83,33 %
2019: 66,66 %","2015: 0 %
2016: 12,50 %
2017: 33,33 %
2018: 16,66 %
2019: 33,33 %","947510512","Activa","-","-","-","NO","No constan","120.202 €","6 (año 2019)","2019","Negativo Consultar","Aranda de Duero"
"123","Bodega Y Viñedos Martin Berdugo Sl","CARRETERA COLONIA (CMNO DE LA), S/N",41.671687,-3.689671,"21/04/1990","1102 - Elaboración de vinos","Elaboración y crianza de vinos con denominación de origen, Rivera del Duero.","Entre 0,6 y 1,5 millones €","2016: 
2017: -9,34 %
2018: 22,64 %","Entre 5 y 25","2014: 55,55 %
2015: 66,66 %
2016: 73,33 %
2017: 66,66 %
2018: 66,66 %","2014: 44,44 %
2015: 33,33 %
2016: 26,66 %
2017: 33,33 %
2018: 33,33 %","947506331","Activa","http://www.martinberdugo.com","- -","https://www.facebook.com/martinberdugo/, https://twitter.com/martinberdugo, https://www.instagram.com/bodegamartinberdugo/","NO","Exporta","575.515,5 €","15 (año 2019)","2019","Positivo Consultar","Aranda de Duero"
"153","Dominio Del Aguila Sl.","CALLE LAGARES, 42",41.684461,-3.638406,"04/07/2012","1102 - Elaboración de vinos","Elaboración y venta de vinos, bebidas y derivados. Servicios agrícolas, enológicos y otros servicios profesionales relativos a la viticultura y agricultura","Entre 0,6 y 1,5 millones €","2017: 
2018: 13,84 %
2019: 17,74 %","Entre 5 y 25","2015: 0 %
2016: 0 %
2017: 42,85 %
2018: 50,00 %
2019: 50,00 %","2015: 100,00 %
2016: 100,00 %
2017: 57,14 %
2018: 50,00 %
2019: 50,00 %","-","Activa","http://www.dominiodelaguila.com","- Dominio del Aguila, Ribera del Duero, Denominación de Origen, bodega, vino, ecológico, águila, reserva, Milagros, Milagritos, terruño","","NO","No constan","45.000 €","12 (año 2019)","2019","Positivo Consultar","Aranda de Duero"
"202","Abadia De Acon Sl","AVENIDA MIRANDA DO DOURO, 4 - BJ",41.6681129,-3.68760124,"19/12/2000","1102 - Elaboración de vinos","TODO LO RELACIONADO CON LA AGRICULTURA, VITICULTURA, VINICULTURA Y LA PRODUCCION, TRANSFORMACION Y COMERCIALIZACION DE SUS PRODUCTOS.","Entre 0,6 y 1,5 millones €","2017: 
2018: 3,96 %
2019: -10,16 %","Entre 5 y 25","2015: 28,57 %
2016: 25,00 %
2017: 28,57 %
2018: 22,22 %
2019: 25,00 %","2015: 71,42 %
2016: 75,00 %
2017: 71,42 %
2018: 77,77 %
2019: 75,00 %","-","Activa","-","-","-","NO","No constan","3.372.814 €","8 (año 2019)","2019","Negativo Consultar","Aranda de Duero"
"244","Alexander Vs The Ham Factory Sl.","AVENIDA CASTILLA, 23",41.650726,-3.69308,"27/03/2000","1102 - Elaboración de vinos","LAS ACTIVIDADES PROPIAS, PARA LA OBTENCION, ELABORACION, COMERCIALIZACION, DISTRIBUCION Y VENTA DE PRODUCTOS AGROALIMENTARIOS, DEL ALCOHOL Y DEL VINO Y SUS DERIVADOS. INTERMEDIACION EN EL COMERCIO, COMO AGENTE, DELEGADO","Menor de 300 mil €","2017: 
2018: 26,42 %
2019: -65,65 %","Menos de 5","2016: 100,00 %
2017: 50,00 %
2018: 100,00 %
2019: 100,00 %","2016: 0 %
2017: 50,00 %
2018: 0 %
2019: 0 %","947505680","Activa","http://www.haciendamiguelsanz.com","- -","","NO","No constan","695.810 €","2 (año 2019)","2019","Negativo Consultar","Aranda de Duero"
"261","Bodegas Garcia De Aranda Sa","CARRETERA SORIA, S/N",41.648422,-3.673968,"31/12/1981","1102 - Elaboración de vinos","Fabricación y comercialización de vinos con denominación de origen, Ribera de Duero.","Entre 300 y 600 mil €","2016: 
2017: -24,49 %
2018: -32,88 %","Entre 5 y 25","2014: 100,00 %
2015: 100,00 %
2016: 80,00 %
2017: 100,00 %
2018: 100,00 %","2014: 0 %
2015: 0 %
2016: 20,00 %
2017: 0 %
2018: 0 %","947501817","Activa","http://www.bodegasgarcia.com","- -","https://www.facebook.com/bodegasgarciadearanda","NO","Exporta","107.941,77 €","6 (año 2019)","2019","Negativo Consultar","Aranda de Duero"
"282","Viñedos La Dehesa Sl","CARRETERA SALAS DE LOS INFANTES (KM 1 700)",41.675033,-3.689054,"24/10/1997","1102 - Elaboración de vinos","FABRIC. COMPRAV. ALMACENAMIENTO. TRANSPORTE PRODUCTOS ALIMENTACION. BEBIDAS. COMPRAV. BIENES INMUEBLES. ELABORAC. CRIANZA. COMERCIAL. VINOS. EXPLOTAC. AGRARIAS DE VINEDOS Y CEREALES. SERVICIO ENOLOGIA, ELABORACION. EMBOT","Entre 300 y 600 mil €","2016: 
2017: -32,83 %
2018: 152,8 %","Menos de 5","2016: 100,00 %
2017: 100,00 %
2018: 100,00 %","2016: 0 %
2017: 0 %
2018: 0 %","947500731","Activa","-","-","-","NO","No constan","321.301,06 €","1 (año 2018)","2018","Positivo Consultar","Aranda de Duero"
"325","Bodegas Y Viñedos Alto Sotillo Sl","CALLE BURGO DE OSMA, 1",41.6691394,-3.69005878,"25/04/2001","1102 - Elaboración de vinos","LA ELABORACION Y CRIANZA, ASI COMO EL EMBOTELLADO Y VENTA DE VINOS, MOSTOS, DERIVADOS Y TODO TIPO DE BEBIDAS, ASI COMO EL COMERCIO AL POR MAYOR Y MENOR DE ESOS PRODUCTOS, Y LAS ACTIVIDADES AGRICOLAS Y GANADERAS DE TODO T","Entre 300 y 600 mil €","2015: 
2017: -33,16 %
2018: 34,02 %","Menos de 5","2013: 100,00 %
2014: 100,00 %
2015: 66,66 %
2017: 100,00 %
2018: 100,00 %","2013: 0 %
2014: 0 %
2015: 33,33 %
2017: 0 %
2018: 0 %","947532523","Activa","-","-","-","NO","No constan","84.142 €","3 (año 2018)","2018","Positivo Consultar","Aranda de Duero"
"348","El Mosaico De Baco Sl","CALLE BARRIONUEVO, 4",41.67144001,-3.68839816,"20/07/2004","1102 - Elaboración de vinos","EL COMERCIO AL POR MAYOR Y MENOR DE TODA CLASE DE PRODUCTOS ALIMENTICIOS Y BEBIDAS. LA ELABORACION Y CRIANZA DE VINOS Y TODA CLASE DE BEBIDAS ALCOHOLICAS. LA ADQUISICION, EXPLOTACION. ARRENDAMIENTO, PROMOCION Y ENAJENACI","Menor de 300 mil €","2016: 
2017: 69,74 %
2018: -16,85 %","Menos de 5","2014: 0 %
2015: 0 %
2016: 50,00 %
2017: 66,66 %
2018: 66,66 %","2014: 100,00 %
2015: 100,00 %
2016: 50,00 %
2017: 33,33 %
2018: 33,33 %","947512866","Activa","-","-","-","NO","No constan","3.300 €","3 (año 2018)","2018","Positivo Consultar","Aranda de Duero"
"359","Hacienda Solano Sl","CALLE SOLANA, 6",41.73075212,-3.76906985,"17/01/2001","1102 - Elaboración de vinos","ELABORACION Y CRIANZA DE VINOS (ELABORACION DE MISTELAS, DE VINOS DE MESA Y LA CRIANZA Y CONSERVACION DE VINOS NO ESPUMOSOS, ASI COMO LA REFRIGERACION Y GASIFICACION DE VINOS Y EMBOTELLADO). LA COMPRA DE TERRENOS DE NATU","Menor de 300 mil €","2017: 
2018: 39,89 %
2019: -13,5 %","Menos de 5","2015: 100,00 %
2016: 100,00 %
2017: 100,00 %
2018: 50,00 %
2019: 50,00 %","2015: 0 %
2016: 0 %
2017: 0 %
2018: 50,00 %
2019: 50,00 %","947545582","Activa","-","-","-","NO","No constan","32.464,79 €","2 (año 2019)","2019","Positivo Consultar","Aranda de Duero"
"382","Bodegas Vitulia Sl","CALLE SENDIN (P-49 POL IND ALLENDE)",41.671922,-3.70435,"24/02/2006","1102 - Elaboración de vinos","ELABORACION Y CRIANZA DE VINOS. COMERCIALIZACION DE VINOS. COMPRAVENTA, EXPORTACION E IMPORTACION DE TODA CLASE DE VINOS Y BEBIDAS. EXPLOTACION DE VINEDOS. PRESTACION DE SERVICIOS AGRICOLAS A TERCEROS CON O SIN APORTACIO","Menor de 300 mil €","2016: 
2017: 45,08 %
2018: -39,95 %","Menos de 5","2013: 66,66 %
2014: 50,00 %
2016: 50,00 %
2017: 50,00 %
2018: 50,00 %","2013: 33,33 %
2014: 50,00 %
2016: 50,00 %
2017: 50,00 %
2018: 50,00 %","947515051","Activa","http://www.bodegasvitulia.com","Bodegas Vitulia está situada en Aranda de Duero (Castilla y León, España), tierra de vinos, en el corazón de la Denominación de Orígen Ribera Del Duero.  -","https://www.facebook.com/bodegas.vitulia/?fref=ts, https://www.facebook.com/bodegas.vitulia/?fref=ts","NO","No constan","480.000 €","2 (año 2018)","2018","Positivo Consultar","Aranda de Duero"
"442","Cid Bermudez Sl","CALLE SAN ESTEBAN, 6 - 3 C",41.667978,-3.688319,"23/01/2008","1102 - Elaboración de vinos","COMERCIALIZACION, ELABORACION Y EMBOTELLADO DE VINOS, LICORES Y DERIVADOS. PLANTACION DE VINEDOS Y SU EXPLOTACION INTEGRAL. TRANSFORMACION DE MOSTOS Y DERIVADOS.","Menor de 300 mil €","2017: 
2018: 30,79 %
2019: 17,63 %","-","Administrador Único:  RODRIGO C...
 JOSE IGNACIO C...:  RODRIGO C...","Administrador Único: Apoderado
 JOSE IGNACIO C...: Apoderado","947510302","Activa","-","-","-","NO","No constan","3.100 €","-","-","Positivo Consultar","Aranda de Duero"
"445","Bodegas Vegaranda Sl.","AVENIDA ARAGON, S/N",41.652904,-3.680707,"01/06/2012","1102 - Elaboración de vinos","Elaboración y crianza, asi como embotellado y venta de vinos, mostos, y todo tipo de bebidas alcohólicas o no, así como su comercio mayor y menor. Actividades agrícolas y ganaderas, así como comercio al por mayor y menor de productos de esas actividades. Hostelería y alimentación","Menor de 300 mil €","2017: 
2018: -12,15 %
2019: 31,24 %","-","Administrador Solidario:  JAVIER G...
 ALBERTO G...:  JAVIER G...","Administrador Solidario: Administrador Solidario
 ALBERTO G...: Administrador Solidario","947501817","Activa","-","-","-","NO","No constan","3.000 €","-","-","Positivo Consultar","Aranda de Duero"
"457","Altos Del Terral Sl","CALLE BARRIONUEVO, 11 - PLT 1 B",41.67182781,-3.68747848,"14/05/2008","1102 - Elaboración de vinos","ELABORACION Y CRIANZA DE VINOS, ASI COMO SU COMERCIALIZACION. PRESTACION DE SERVICIOS DE ASESORAMIENTO ENOLOGICO.","Menor de 300 mil €","2016: 
2017: 39,05 %
2018: 7,04 %","Menos de 5","2014: 100,00 %
2015: 100,00 %
2016: 100,00 %
2017: 100,00 %
2018: 100,00 %","2014: 0 %
2015: 0 %
2016: 0 %
2017: 0 %
2018: 0 %","947512215","Activa","http://www.altosdelterral.com","- -","","NO","No constan","23.100 €","2 (año 2018)","2018","Negativo Consultar","Aranda de Duero"
"505","Ramos Ducher Sl.","CALLE CASTAÑO, 21 - BJ",41.67454799,-3.63009962,"11/03/2015","1102 - Elaboración de vinos","Elaboración, crianza y comercio de mostos, vinos y bebidas. Explotación de bodegas. Actividades agrícolas y ganaderas, así como el comercio de productos y materias primas para su desarrollo. Servicios de consultoría de las actividades anteriores. Negocios de alimentación, hostería y hospedaje","Menor de 300 mil €","2017: 
2018: 121,54 %
2019: -19,62 %","-","Administrador Único:  DAVID R...","-","-","Activa","-","-","-","NO","No constan","21.000 €","-","-","Negativo Consultar","Aranda de Duero"
"506","Vina Aguilera S.l.","CARRETERA ESTACION (KM 9)",41.668414,-3.690134,"31/03/2005","1102 - Elaboración de vinos","LA ELABORACION, CRIANZA, ENVASADO Y COMERCIALIZACION DE VINOS, INCLUIDOS LOS DE DENOMINACION DE ORIGEN. LA EXPORTACION E IMPORTACION DE VINOS Y PRODUCTOS ALIMENTICIOS. LA EXPLOTACION DE NEGOCIOS DE HOSTELERIA Y RESTAURAC","Menor de 300 mil €","2017: 
2018: -74,1 %
2019: 84,25 %","Menos de 5","2016: 100,00 %
2017: 100,00 %
2018: 100,00 %
2019: 100,00 %","2016: 0 %
2017: 0 %
2018: 0 %
2019: 0 %","947559515","Activa","-","-","-","NO","No constan","54.900 €","2 (año 2019)","2019","Positivo Consultar","Aranda de Duero"
"553","World Exim Of Traditional Wines Foods And Spirits Sl.","PLAZA SANTA MARIA, 3 - BJ",41.671205,-3.6895,"05/12/2012","1102 - Elaboración de vinos","-Elaboración de vinos del país. -Explotación vitivinícola. -Comercialización, importación y exportación de productos alimenticios, bebidas de diferente graduación y objetos de artesanía","-","Administrador Solidario:  RUBEN S...
Administrador Solidario:  FELIX M...","-","-","-","-","Activa","-","-","-","NO","No constan","3.200 €","-","-","Negativo Consultar","Aranda de Duero"
"576","Bodegas Peñalba Herraiz Sl","CALLE SOL DE LAS MORERAS, 3 - 2 DR",41.66992,-3.684459,"16/09/2005","1102 - Elaboración de vinos","A) LA ELABORACION Y CRIANZA, ASI COMO EMBOTELLADO Y VENTA DE VINOS, MOSTOS, DERIVADOS Y TODO TIPO DE BEBIDAS ALCOHOLICAS O NO, ASI COMO EL COMERCIO MAYOR Y MENOR DE ESTOS PRODUCTOS. B) ACTIVIDADES AGRICOLAS Y GANADERAS,","Menor de 300 mil €","2017: 
2018: 68,15 %
2019: 43,58 %","-","Administrador:  MIGUEL ANGEL P...
 MARIA ELENA H...:  MIGUEL ANGEL P...","Administrador: Administrador
 MARIA ELENA H...: Administrador","947508249","Activa","http://www.carravid.com","Bodegas Peñalba Herraiz en Aranda de Duero es una bodega de vinos Ribera del Duero. Entre nuestros vinos comercializamos las marcas Aptus y Carravid  ambas con la D. O Ribera de Duero. bodega de vinos ribera del duero,  bodega devino ribera del duero,  bodega de vino de la ribera del duero, bodega vinos ribera del duero, bodega vino de la ribera del duero, ribera del duero bodega vino","","NO","No constan","36.993 €","-","-","Negativo Consultar","Aranda de Duero"
"642","Dominio De San Antonio S.l. (en Liquidacion)","CALLE CARREQUEMADA, 33",41.671799,-3.683721,"12/04/1995","1102 - Elaboración de vinos","ELABORACION, CRIANZA EMBOTELLADO VINOS. COMPRAVENTA VINOS ELABORADOS, ASI COMO DE SUS SUBPRODUCTOS. PRODUCTOS ALIMENTARIOS. TRANSPORTE MERCANCIAS. COMPRA DE BIENES MUEBLES E INMUEBLES.","Menor de 300 mil €","2012: 
2013: -49,37 %","-","Liquidador:  JOSE LUIS S...","-","947513532","Activa","-","-","-","NO","No constan","349.882,4 €","-","-","Negativo Consultar","Aranda de Duero"
"651","Bodegas Triennia Sl  (extinguida)","POLIGONO INDUSTRIAL ALLENDE DE DUERO (CL NUEVA -), 3",0,0,"02/03/2007","1102 - Elaboración de vinos","ACTIVIDADES RELATIVAS A LA ELABORACION, CRIANZA, EMBOTELLADO Y COMPRAVENTA DE VINOS, ASI COMO DE LICORES Y BEBIDAS. FABRICACION DE EMBALAJES Y OTROS ENSERES QUE SE UTILICEN PARA LOS PRODUCTOS DE SU ACTIVIDAD. TENENCIA DE","-","-","-","-","-","-","Extinguida","-","-","-","NO","No constan","3.006 €","-","-","-","Aranda de Duero"
"875","Bodega J. Agricola Viñas Sl.","CALLE PADRE JANARIZ, 21",41.67352431,-3.69140757,"02/05/2019","1102 - Elaboración de vinos","Compraventa de todo tipo de productos alimenticios y bebidas alcohólicas y no alcohólicas. Elaboración y crianza de vino, embotellado y venta de vinos, mostos y derivados. Explotaciones agrícolas. Prestaciones de servicios agrícolas a terceros. Intermediación del comercio. Actividades inmobiliarias","-","Administrador Único:  ROSA MARIA A...","-","-","-","-","Activa","-","-","-","NO","No constan","3.000 €","-","-","-","Aranda de Duero"
"979","Bodegas Castroizan Sl","CALLE PICOTE, 18",41.67018253,-3.70542459,"19/12/2002","1102 - Elaboración de vinos","Elaboración y crianza de vinos de Rivera de Aranda.","Entre 0,6 y 1,5 millones €","2013: 
2014: 14,17 %
2015: -19,81 %
2017:  %","Menos de 5","2011: 0 %
2012: 0 %
2013: 0 %
2014: 0 %
2015: 75,00 %","2011: 100,00 %
2012: 100,00 %
2013: 100,00 %
2014: 100,00 %
2015: 25,00 %","947546414","Activa","http://www.vinabuena.com","- -","","NO","No constan","912.000 €","1 (año 2018)","2018","Positivo Consultar","Aranda de Duero"
"1022","Bodegas Izquierdo S.l.","CALLE SAN ISIDRO, 12 - PLT 3 B",41.675929,-3.684426,"21/02/1997","1102 - Elaboración de vinos","ELABORACION Y CRIANZA DE VINOS CON O SIN DENOMINACION DE ORIGEN, ASI COMO SU COMERCIALIZACION Y DISTRIBUCION. EXPLOTACIONES AGRICOLAS DE VINEDOS Y CEREALES. SERVICIOS DE ENOLOGIA, TALES COMO DIRECCION ENOLOGICA DE BODEGA","Menor de 300 mil €","2011: 
2012: -0,21 %","Menos de 5","2006: 100,00 %
2007: 100,00 %
2008: 100,00 %
2011: 100,00 %
2012: 100,00 %","2006: 0 %
2007: 0 %
2008: 0 %
2011: 0 %
2012: 0 %","-","Activa","-","-","-","NO","No constan","16.900 €","1 (año 2012)","2012","Positivo Consultar","Aranda de Duero"
"1038","Bodegas Sello Cuarto S.l.","CALLE SAN FRANCISCO, 40",41.67575838,-3.68565235,"08/06/2001","1102 - Elaboración de vinos","1) LA ELABORACION, CRIANZA Y COMERCIALIZACION DE VINOS, INCLUYENDO LA RECEPCION, DESPALILLADO, PRENSADO, FERMENTACION, EMBOTELLADO Y ETIQUETADO DEL VINO. 2) LA PRODUCCION DE UVA, CON SU VENDIMIA Y COSECHA.","-","Administrador Único:  PIEDAD BEATRIZ E...","-","-","-","-","Activa","-","-","-","NO","No constan","106.000 €","-","-","Negativo Consultar","Aranda de Duero"
"1093","Viña Buena Sa","POLIGONO INDUSTRIAL ALLENDE DE DUERO, 96 - PAR 15",41.670238,-3.711496,"07/02/1987","1102 - Elaboración de vinos","Elaboración , crianza y distribución de vinos en general","Entre 3 y 6 millones €","2016: 
2017: 30,57 %
2018: -19,03 %","Entre 5 y 25","2014: 12,50 %
2015: 11,11 %
2016: 27,27 %
2017: 25,00 %
2018: 40,00 %","2014: 87,50 %
2015: 88,88 %
2016: 72,72 %
2017: 75,00 %
2018: 60,00 %","947546414","Activa","-","-","-","NO","No constan","797.650 €","10 (año 2018)","2018","Positivo Consultar","Aranda de Duero"
"1094","Bodegas Teniles Sa.","LUGAR PAGO PERIQUILLOS (POL. 8), 365",0,0,"26/08/2003","1102 - Elaboración de vinos","ELABORACION, CRIANZA Y COMERCIALIZACION DE VINOS. COMPRAVENTA, EXPORTACION E IMPORTACION DE VINOS Y BEBIDAS DE TODAS LAS CLASES. EXPLOTACION DE VINEDOS. ALQUILER Y COMPRAVENTA DE BIENES RUSTICOS Y URBANOS. PRESTACION DE","Menor de 300 mil €","2004: 
2005: 107,98 %","Menos de 5","2005: 100,00 %","2005: 0 %","-","Activa","-","-","-","NO","No constan","60.102 €","2 (año 2005)","2005","Negativo Consultar","Aranda de Duero"
"1140","Cristobal Villanueva Jesus","-",NA,NA,"-","1102 - Elaboración de vinos","-","-","-","-","-","-","-","Activa","-","-","-","-","No constan","-","-","-","-","Aranda de Duero"
"1287","Vinicola Arandina Sa","CALLE PICOTE, 29",41.66908963,-3.70517621,"10/07/1992","1102 - Elaboración de vinos","INVERSIONES Y PROMOCIONES VINICOLAS. COMERCIO DE VINOS, ALCOHOLES Y DERIVADOS.","Menor de 300 mil €","2013: 
2014: 22,91 %","Entre 5 y 25","2004: 100,00 %
2005: 80,00 %
2006: 50,00 %
2013: 60,00 %
2014: 60,00 %","2004: 0 %
2005: 20,00 %
2006: 50,00 %
2013: 40,00 %
2014: 40,00 %","-","Activa","-","-","-","NO","No constan","162.273,27 €","5 (año 2014)","2014","Negativo Consultar","Aranda de Duero"
"1350","Dominio De Salvatierra Sl.","CALLE BARRIONUEVO, 28",41.67179085,-3.68723503,"21/08/2020","1102 - Elaboración de vinos","La explotación industrial y comercial de los ramos de vinicultura, elaboración, crianza compraventa, exportación e importación de vinos y licores de todas clases y su comercialización. La explotación compraventa y adquisición, en todo o en parte y el arriendo de bodegas, almacenes, destilerías","-","Administrador Único:  MARIA V...","-","-","-","-","Activa","-","-","-","NO","Importa y Exporta","3.000 €","-","-","-","Aranda de Duero"
"1420","Proyectos Vinicolas De España Sl","CALLE ISILLA, 10 - PISO 3 A",41.67113797,-3.68664839,"11/06/1997","1102 - Elaboración de vinos","EL COMERCIO DE TODO TIPO DE VINOS Y BEBIDAS DE TODAS CLASES LA PLANTACION Y COMERCIALIZACION DE UVA. LA PRODUCCION DE VINOS Y SUS DERIVADOS.","-","Administrador:  MARIA ISABEL A...
Administrador Solidario:  RAQUEL M...","-","-","-","-","Activa","-","-","-","NO","No constan","151.800 €","-","-","Negativo Consultar","Aranda de Duero"
"1421","Bodegas Paramo De Fresnedo Sl (extinguida)","CARRETERA AGUILERA (KM 3.500), APARTADO CORREOS 29",0,0,"29/12/1987","1102 - Elaboración de vinos","-","Entre 300 y 600 mil €","2011: 
2012: 54,99 %
2013: 17,95 %","Menos de 5","2009: 100,00 %
2010: 100,00 %
2011: 100,00 %
2012: 100,00 %
2013: 50,00 %","2009: 0 %
2010: 0 %
2011: 0 %
2012: 0 %
2013: 50,00 %","947506659","Extinguida","http://www.bodegasparamodefresnedo.com","-","-","NO","Importa","1.021.099 €","2 (año 2013)","2013","Positivo Consultar","Aranda de Duero"
"1480","De Blas Serrano Sl","AVENIDA CASTILLA, 7 - 3 B",41.66880998,-3.69059604,"13/07/2005","1102 - Elaboración de vinos","A) LA ELABORACION, CRIANZA, ENVASADO Y COMERCIALIZACION DE TODO TIPO DE VINOS, INCLUIDOS LOS DE DENOMINACION DE ORIGEN. B) LA EXPORTACION E IMPORTACION DE TODO TIPO DE VINOS Y PRODUCTOS ALIMENTICIOS. C) LAS EXPLOTACIONES","Menor de 300 mil €","2011: 
2012: 14,82 %
2013: 17,56 %","Menos de 5","2009: 50,00 %
2010: 100,00 %
2011: 100,00 %
2012: 100,00 %
2013: 100,00 %","2009: 50,00 %
2010: 0 %
2011: 0 %
2012: 0 %
2013: 0 %","947546146","Activa","-","-","-","NO","No constan","407.185 €","2 (año 2013)","2013","Negativo Consultar","Aranda de Duero"
"1491","Cuesta La Iglesia Sl.","AVENIDA BURGOS, 20 - PISO 4 A",41.66951071,-3.67913649,"21/07/2014","1102 - Elaboración de vinos","Elaboración, compra y venta de uvas, vinos y alcoholes. Cultivo de la vid y demás ramas relacionadas con el comercio de vinos y espirituosos. Construcción, compra, adquisición, arriendo de bodegas, almacenes, y destilerías. Compraventa de vinos y artículos de comercio, sean o no agrícolas","Menor de 300 mil €","2015: 
2016: 247,78 %","-","Administrador Solidario:  JOSE MARIA S...
 PEDRO ALVARO L...:  JOSE MARIA S...","Administrador Solidario: Administrador Solidario
 PEDRO ALVARO L...: Administrador Solidario","-","Activa","-","-","-","NO","No constan","3.300 €","-","-","Negativo Consultar","Aranda de Duero"
"1518","Bodega Tierra Aranda S.c.","CALLE SAN FRANCISCO, 74",41.678988,-3.685015,"10/09/1969","1102 - Elaboración de vinos","Elaboracion, crianza y venta de vino.Tiene una capacidad de produccionde 1.800.000 kgs y dispone de 130 depositos de hormigon.","Entre 1,5 y 3 millones €","2014: 
2015: -5 %
2016: 10,21 %
2018:  %","Entre 5 y 25","1999: 100,00 %
2000: 100,00 %
2014: 100,00 %
2015: 100,00 %
2016: 100,00 %","1999: 0 %
2000: 0 %
2014: 0 %
2015: 0 %
2016: 0 %","947501311","Activa","http://www.vinotierraranda.es","En Bodega Tierra Aranda tenemos una larga tradición de esfuerzo y constancia que marca los vinos D.O. Ribera del Duero que vas a disfrutar. ¡Descúbrelos! -","","NO","Exporta","1.282.957,18 €","9 (año 2019)","2019","Positivo Consultar","Aranda de Duero"
"1575","Pagos Turo Sl.","PLAZA JARDINES DE DON DIEGO, 4 - PISO 7 B",41.66995897,-3.68472251,"24/05/2013","1102 - Elaboración de vinos","Elaboración, crianza, embotellado y venta de vinos y todo tipo de bebidas alcohólicas o no y el comercio mayor y menor de estos y de productos alimenticios. Servicios de hostelería, restauración, alojamiento. Espetáculo y turismo. Actividades agricolas y ganaderas. Ejecución conservación de obras","-","Administrador Solidario:  JOSE ANGEL S...
Administrador Solidario:  JUAN PABLO P...","-","-","-","-","Activa","-","-","-","NO","No constan","3.400 €","-","-","Negativo Consultar","Aranda de Duero"
"1898","Diaz Bayo Hermanos Sl","CALLE POSTAS, 14 - BJ",41.66981551,-3.68689341,"28/04/1994","1102 - Elaboración de vinos","PROMOCION, REHABILITACION, CONSTRUCCION, PARCELACION Y EXPLOTACION DE EDIFICIOS COMPRAVENTA DE INMUEBLES COMPRAVENTA DE ANIMALES DE RAZA EQUINA Y PERROS ACTIVIDADES AGRICOLAS Y GANADERAS.","-","Administrador Único:  MANUEL M...","-","-","-","947561020","Activa","http://www.bodegadiazbayo.com","Premium Fincas empezó desde el siglo XIX cuando la familia Montaña elabora vino en Fuenmayor, corazón de la Rioja Alta. Bajo diversas marcas de reconocimiento internacional, crea vinos de gran finura y elegancia, con un profundo respeto por los frutos de la tierra. -","","NO","No constan","1.354.098,06 €","-","-","Positivo Consultar","Aranda de Duero"
"1934","Bodega Coop San Pedro Regalado","CARRETERA AGUILERA",41.731513,-3.772919,"10/09/1969","1102 - Elaboración de vinos","Elaboracion y crianza de vino, tiene la denominacion de origen de Ribera del Duero.","-","1996: 100,00 %
0 %: 1997
100,00 %: 0 %
1998: 100,00 %
0 %: 1999
100,00 %: 0 %
2000: 100,00 %
0 %: 100,00 %","Menos de 5","Presidente Consejo Rector:  PRIMITIVO R...
 JOSE LUIS G...:  PRIMITIVO R...","Presidente Consejo Rector: Secretario Consejo Rector
 JOSE LUIS G...: Secretario Consejo Rector","947545017","Activa","-","-","-","NO","Importa y Exporta","63.714,54 €","4 (año 2011)","2011","Positivo Consultar","Aranda de Duero"
"2080","Bodega Y Viñedos Artio Sl.","CALLE BAJADA AL MOLINO, 19 - PISO 3 A",41.66946996,-3.68361269,"27/06/2016","1102 - Elaboración de vinos","Elaboración y Crianza, así como embotellado de vinos, mostos, derivados y todo tipo de bebidas alcohólicas o no, así como el comercio mayor y menor de estos productos. Actividades agrícolas y gnanaderas de todo tipo, así como comercio al mayor y menor de productos para estas actividades","-","Administrador Único:  PEDRO I...","-","-","-","-","Activa","-","-","-","NO","No constan","3.000 €","-","-","Positivo Consultar","Aranda de Duero"
"2081","Vins&mets Sl.","CALLE MORATIN, 17 - PISO 5 D",41.67395391,-3.68437013,"25/07/2016","1102 - Elaboración de vinos","Compraventa de alimentos y bebidas. Elaboración y crianza de vino, su embotellado y venta, así como de mostos y derivados. Explotaciones agrícolas. Prestaciones de servicios agrícolas a terceros. Intermediación del comercio. Actuaciones musicales y artísticas. Trabajos y servicios audiovisuales","Menor de 300 mil €","2016: ","-","Administrador Solidario:  ROBERTO GABRIEL R...
 MINERVA L...:  ROBERTO GABRIEL R...","Administrador Solidario: Administrador Solidario
 MINERVA L...: Administrador Solidario","-","Activa","-","-","-","NO","No constan","3.000 €","-","-","Negativo Consultar","Aranda de Duero"
"2137","Sat San Pablo","CALLE SAN FRANCISCO, 26",41.67428782,-3.68580156,"31/07/1982","1102 - Elaboración de vinos","CULTIVO DE VIQEDOS Y ELABORACION DE VINOS","-","Vocal del Consejo Rector:  GREGORIO A...","-","-","-","947501302","Activa","http://www.cantaburros.es","- -","","NO","No constan","-","-","-","-","Aranda de Duero"
"2429","Uvaguilera Sl","CALLE SAN GREGORIO, 2",41.67071939,-3.68476033,"01/01/1999","1102 - Elaboración de vinos","A) LA MANIPULACION, FABRICACION, TRANSFORMACION. COMPRA. VENTA, ALMACENAMIENTO, EXPLOTACION, TRANSPORTE. DISTRIBUCION Y COMERCIO DEL VINO. B) LA COMPRAVENTA DE BIENES INMUEBLES.","Entre 300 y 600 mil €","2013: 
2014: 1,01 %
2015: 6,22 %","Menos de 5","2011: 100,00 %
2012: 66,66 %
2013: 66,66 %
2014: 66,66 %
2015: 50,00 %","2011: 0 %
2012: 33,33 %
2013: 33,33 %
2014: 33,33 %
2015: 50,00 %","947545419","Activa","-","-","-","NO","Importa","751.265,13 €","2 (año 2015)","2015","Positivo Consultar","Aranda de Duero"
"2460","13 Grados Vinos De La Tierra Sl.","CALLE OLMO, 57",41.673152,-3.629868,"31/08/2018","1102 - Elaboración de vinos","Explotación industrial y comercial de los ramos de vinicultura, viticultura, elaboración, crianza, compra y venta, exportación e importación de vinos y licores. Construcción, adquisición y arrendamiento de bodegas e inmuebles para el desarrollo de la actividad. Prestación de servicios agrícolas","-","Administrador Solidario:  ADRIANA MARCELA F...
Administrador Solidario:  ANDRES RICARDO C...","-","-","-","-","Activa","-","-","-","NO","Importa y Exporta","55.800 €","-","-","-","Aranda de Duero"
"2462","Grupo Restauracion Baldios Sl.","CALLE CARREQUEMADA, 31 - PISO 2 B",41.67177249,-3.68367963,"22/01/2020","1102 - Elaboración de vinos","Enoturismo; turismo del vino o turismo gastronómico. Compra y venta de vinos, la elaboración, crianza y embotellado de vinos, y cualquier producto alcohólico. Catas, visitas a bodegas y talleres relacionados. Compraventa de inmuebles, viñedos, uva. Hostelería, restauración, hospedaje, exposiones","-","Administrador Solidario:  ALBERTO G...
Administrador Solidario:  JAVIER G...","-","-","-","-","Activa","-","-","-","NO","No constan","12.000 €","-","-","-","Aranda de Duero"
"2907","Garcia Garcia Fernando","-",NA,NA,"-","1102 - Elaboración de vinos","-","-","-","-","-","-","-","Activa","-","-","-","-","No constan","-","-","-","-","Arandilla"
"2923","Bodegas Montevannos Sl","CALLE SANTIAGO, 9",41.77025262,-3.55787735,"23/02/1994","1102 - Elaboración de vinos","LA PRODUCCION, ELABORACION, EXPORTACION. IMPORTACION Y COMERCIALIZACION DE TODA CLASE DE BEBIDAS Y. EN ESPECIAL. DE VINOS Y OTROS PRODUCTOS DERIVADOS DE LA VID.","Entre 300 y 600 mil €","2017: 
2018: -6,38 %
2019: 28,89 %","Entre 5 y 25","2015: 100,00 %
2016: 100,00 %
2017: 100,00 %
2018: 100,00 %
2019: 100,00 %","2015: 0 %
2016: 0 %
2017: 0 %
2018: 0 %
2019: 0 %","947534016","Activa","http://www.montevannos.es","- -","","NO","No constan","564.439 €","5 (año 2019)","2019","Negativo Consultar","Baños de Valdearados"
"2924","Benito Rodrigo Sl","CALLE FUENTE, 25",41.76900963,-3.55663159,"23/06/2004","1102 - Elaboración de vinos","A) LA ELABORACION, CRIANZA, ENVASADO Y COMERCIALIZACION DE TODO TIPO DE VINOS, INCLUIDOS LOS DE DENOMINACION DE ORIGEN. B) LAS EXPLOTACIONES AGRICOLAS Y GANADERAS DE TODO TIPO. C) LAS ACTIVIDADES INMOBILIARIAS EN GENERAL","Menor de 300 mil €","2016: 
2017: 2,17 %
2018: 7,4 %","Menos de 5","2010: 100,00 %
2011: 100,00 %
2016: 100,00 %
2017: 100,00 %
2018: 100,00 %","2010: 0 %
2011: 0 %
2016: 0 %
2017: 0 %
2018: 0 %","-","Activa","-","-","-","NO","No constan","130.296 €","1 (año 2018)","2018","Positivo Consultar","Baños de Valdearados"
"2926","Comunidad Santo Cristo Del Consuelo","",0,0,"05/08/1992","1102 - Elaboración de vinos","-","-","-","-","-","-","-","Activa","-","-","-","NO","No constan","-","-","-","-","Baños de Valdearados"
"2930","Altos De Baños Sl.","CALLE SANTIAGO, 32",41.769831,-3.558626,"18/11/2015","1102 - Elaboración de vinos","Elaboración, crianza de vinos de todas clases. Comercialización de vinos de todas clases. Compraventa, exportación e importación de vinos y bebidas de todas las clases. Explotación de viñedos. Alquiler y compraventa de bienes rústicos y urbanos. Prestación de servicios agrícolas","Menor de 300 mil €","2016: ","-","Administrador Mancomunado:  LORENZO A...
 ALFREDO R...:  LORENZO A...","Administrador Mancomunado: Administrador Mancomunado
 ALFREDO R...: Administrador Mancomunado","-","Activa","-","-","-","NO","Importa y Exporta","665.000 €","-","-","Negativo Consultar","Baños de Valdearados"
"2933","Bodega Comarcal Coop Nuestra Señora De La Asuncion","CALLE SANTIAGO, 32",41.769831,-3.558626,"01/01/1990","1102 - Elaboración de vinos","Gestión de bodega para la elaboración y comercialización de vinos.","Menor de 300 mil €","1997: 
1998: -44,86 %","Menos de 5","Presidente Consejo Rector:  JOSE LUIS D...","-","-","Activa","-","-","-","NO","No constan","40.005,37 €","2 (año 2011)","2011","Positivo Consultar","Baños de Valdearados"
"2942","Peña Quebrada S.c.","CALLE ARRIBA, 74",41.77081188,-3.5525052,"01/08/2013","1102 - Elaboración de vinos","Producción, elaboración y comercialización de vinos en la Denominación de Origen Ribera del Duero.","-","Administrador:  JOSE LUIS D...
Administrador:  MARIA DEL CARMEN D...","Menos de 5","-","-","947534288","Activa","http://www.bodegapq.com","- -","","NO","No constan","-","2 (año 2015)","2015","-","Baños de Valdearados"
"2943","Dominio Fournier Sl.","LUGAR PINAR, S/N",0,0,"14/08/2002","1102 - Elaboración de vinos","BODEGAS I VINEDOS MEDIANTE. A) EL DESARROLLO DE TODOS LOS CICLOS DE LAS ACTIVIDADES AGRICOLAS.","Menor de 300 mil €","2017: 
2018: -8,98 %
2019: -91,79 %","Entre 5 y 25","2015: 83,33 %
2016: 100,00 %
2017: 100,00 %
2018: 100,00 %
2019: 100,00 %","2015: 16,66 %
2016: 0 %
2017: 0 %
2018: 0 %
2019: 0 %","947533006","Activa","http://www.ofournier.com","- -","","NO","Exporta","8.350.000 €","5 (año 2019)","2019","Negativo Consultar","Berlangas de Roa"
"3012","Bodegas Y Viñedos Neo Sl","CARRETERA NACIONAL 122, KM 274.5",41.648955,-3.781175,"01/01/2002","1102 - Elaboración de vinos","Elaboración y crianza de vino tinto y distribución de vino blanco","Entre 1,5 y 3 millones €","2017: 
2018: -18,21 %
2019: 12,38 %","Entre 5 y 25","2015: 100,00 %
2016: 92,30 %
2017: 85,71 %
2018: 73,33 %
2019: 80,00 %","2015: 0 %
2016: 7,69 %
2017: 14,28 %
2018: 26,66 %
2019: 20,00 %","947514393","Activa","http://www.bodegasneo.com","Pagina web de Bodegas y Viñedos NEO Bodegas y Viñedos NEO,Ribera del Duero,vinos,Punta Esencia,Disco,NEO","https://www.facebook.com/bodegasyvinedosneo, https://twitter.com/bodegasneo, https://www.instagram.com/bodeganeo/","NO","Exporta","60.000 €","10 (año 2020)","2020","Positivo Consultar","Castrillo de  Vega"
"3015","Bodegas Y Viñedos Del Linaje Garsea Sl","CARRETERA VALLADOLID, KM 273",41.651666,-3.780374,"21/08/2003","1102 - Elaboración de vinos","ELABORACION Y CRIANZA DE VINOS, INCLUIDAS SU COMERCIALIZACION Y VENTA. EL SERVICIO DE ALIMENTACION POR PLATOS COCINADOS, BEBIDAS Y CUALQUIER TIPO DE ALIMENTACION, SERVICIO EN RESTAURANTE O A DOMICILIO. VENTA DE PRODUCTOS","Entre 300 y 600 mil €","2016: 
2017: -6,29 %
2018: 16,88 %","Menos de 5","2013: 100,00 %
2014: 100,00 %
2016: 100,00 %
2017: 100,00 %
2018: 100,00 %","2013: 0 %
2014: 0 %
2016: 0 %
2017: 0 %
2018: 0 %","947536000","Activa","http://www.linajegarsea.com","- -","https://www.facebook.com/BodegaLinajeGarsea/, https://www.facebook.com/BodegaLinajeGarsea/, https://twitter.com/lgarsea, https://twitter.com/lgarsea","NO","No constan","222.000 €","1 (año 2018)","2018","Positivo Consultar","Castrillo de  Vega"
"3028","Gayubo Carrasco S.l.","CALLE HERRANZ, 8",41.65103125,-3.78235915,"31/10/2008","1102 - Elaboración de vinos","ELABORACION Y CRIANZA DE VINOS, ASI COMO SU COMERCIALIZACION. PRESTACION DE SERVICIOS DE ASESORAMIENTO ENOLOGICO.","-","Administrador:  ANTONIO JESUS G...
Administrador:  MARIA LUISA C...","-","-","-","-","Activa","-","-","-","NO","No constan","3.006 €","-","-","-","Castrillo de  Vega"
"3051","S.c. Bodega San Roque De La Encina","CALLE SAN ROQUE, 73",41.653489,-3.776151,"10/09/1969","1102 - Elaboración de vinos","-","-","2000: 100,00 %
0 %: 100,00 %","Entre 5 y 25","Presidente Consejo Rector:  TEODORO S...
 JOSE MIGUEL C...: Gerente
Director Financiero:  JOSE MARIA H...","Presidente Consejo Rector: Vicepresidente Consejo Rector
 JOSE MIGUEL C...:  JOSE MARIA H...
Director Financiero: Vicepresidente Consejo Rector","947536001","Activa","http://www.bodegasanroquedelaencina.com","- -","","NO","Exporta","637.064,27 €","7 (año 2015)","2015","Positivo Consultar","Castrillo de  Vega"
"3090","Ermita Del Conde Sl","CAMINO TORRE, 1",41.765132,-3.391434,"22/11/2007","1102 - Elaboración de vinos","Elaboración y venta de vino","Menor de 300 mil €","2017: 
2018: 20,66 %
2019: -15,02 %","Menos de 5","2015: 100,00 %
2016: 100,00 %
2017: 100,00 %
2018: 100,00 %
2019: 100,00 %","2015: 0 %
2016: 0 %
2017: 0 %
2018: 0 %
2019: 0 %","-","Activa","http://www.ermitadelconde.com","- -","","NO","No constan","361.220 €","1 (año 2019)","2019","Negativo Consultar","Coruña del Conde"
"3092","Bodegas Coruña Del Conde Sl","CALLE SAN JUAN, 3",41.7655955,-3.39002135,"21/10/1994","1102 - Elaboración de vinos","ELABORACION, EMBOTELLADO Y COMERCIALIZACION DE VINOS, LICORES, ZUMOS, AGUAS Y REFRESCOS. LA CONSTRUCCION, PARCELACION, TRAFICO SOBRE BIENES INMUEBLES Y EXPLOTACION DE FINCAS TANTO RUSTICAS COMO URBANAS.","Menor de 300 mil €","2016: 
2017: 49,81 %","-","Administrador Único:  JULIEN B...","-","947527242","Activa","-","-","-","NO","No constan","3.005,06 €","-","-","Positivo Consultar","Coruña del Conde"
"3150","Laboratorio Rubio Yeramian Sl.","CALLE LA RIBERA, 22",41.648092,-3.646169,"06/02/2012","1102 - Elaboración de vinos","El análisis de suelo, uvas y vinos. El asesoramiento en gestión de viñedos y bodegas. La producción de uva y elaboración y comercialización de vino. La investigación, desarrollo y divulgación de técnicas vitivinícolas. La importación y exportación de vinos. La compraventa y alquiler de inmuebles","-","Administrador Único:  NADINE Y...","-","-","-","-","Activa","-","-","-","NO","Importa y Exporta","3.010 €","-","-","-","Fresnillo de las Dueñas"
"3151","Altos De Ontañon Sl","CARRETERA ROA, S/N",0,0,"27/04/2006","1102 - Elaboración de vinos","Elaboración y crianza de vinos.","Entre 6 y 30 millones €","2017: 
2018: 5,49 %
2019: 2,06 %","Entre 5 y 25","2015: 100,00 %
2016: 100,00 %
2017: 100,00 %
2018: 100,00 %
2019: 100,00 %","2015: 0 %
2016: 0 %
2017: 0 %
2018: 0 %
2019: 0 %","947532797","Activa","http://www.ontanon.es","Visita Bodega en Logroño - La Rioja, el Templo del vino. La mejor visita en nuestra ciudad. Bodegas Ontañón, el Templo del Vino. -","https://www.facebook.com/bodegasontanon, https://twitter.com/ontanonbodegas, https://www.instagram.com/bodegasontanon/","NO","Importa","1.055.560 €","22 (año 2020)","2020","Positivo Consultar","Fuentecén"
"3154","Bodegas Hemar Sl.","CALLE IGLESIA, 31 - BJ",41.62738896,-3.86735528,"06/05/2010","1102 - Elaboración de vinos","Elaboracion y crianza de toda clase de vinos. Comercializacion de todo tipo de vinos. Asesoramiento enologico a otras personas fisicas o juridicas.","Menor de 300 mil €","2017: 
2018: -26,74 %
2019: 15,06 %","Menos de 5","2015: 100,00 %
2016: 100,00 %
2017: 100,00 %
2018: 100,00 %
2019: 100,00 %","2015: 0 %
2016: 0 %
2017: 0 %
2018: 0 %
2019: 0 %","-","Activa","-","-","-","NO","No constan","3.100 €","1 (año 2019)","2019","Positivo Consultar","Fuentecén"
"3156","Bodega Y Viñedo Fuentecen Sl","CALLE IGLESIA, 28",41.62756813,-3.86771401,"10/03/2005","1102 - Elaboración de vinos","LA EXPLOTACION, TRABAJO Y CULTIVO DE TODA CLASE DE TIERRAS Y VINEDOS. LA ELABORACION, COMERCIALIZACION, COMPRA, VENTA Y DISTRIBUCION DEL VINO","Menor de 300 mil €","2007: 
2008: -25,13 %
2009: -8,07 %","Menos de 5","2006: 50,00 %
2007: 50,00 %
2008: 50,00 %
2009: 66,66 %","2006: 50,00 %
2007: 50,00 %
2008: 50,00 %
2009: 33,33 %","-","Activa","-","-","-","NO","No constan","3.604 €","3 (año 2009)","2009","Negativo Consultar","Fuentecén"
"3166","Bodega San Mames S.c.","CARRETERA NACIONAL 122 (CR VALLADOLID SN), S/N",41.628147,-3.875451,"10/09/1969","1102 - Elaboración de vinos","Elaboracion, crianza y embotellado de vino.","-","1997: 100,00 %
0 %: 1998
100,00 %: 0 %
1999: 100,00 %
0 %: 2000
100,00 %: 0 %","Menos de 5","Presidente Consejo Rector:  FERNANDO D...
 JUAN CARLOS D...:  FERNANDO D...","Presidente Consejo Rector: Vicepresidente Consejo Rector
 JUAN CARLOS D...: Vicepresidente Consejo Rector","947532693","Activa","http://www.bodegasanmames.com","Bodega San Mames es una de las bodegas más antiguas de la D.O. Ribera del Duero. En el año 2014 cumplimos 50 años. -","","NO","No constan","81.153,94 €","4 (año 2010)","2010","Positivo Consultar","Fuentecén"
"3175","Bodegas Pascual Sa","CARRETERA SANTA CRUZ, S/N",0,0,"05/02/1987","1102 - Elaboración de vinos","Elaboración, crianza y comercialización de vinos tintos y rosados.","Entre 0,6 y 1,5 millones €","2017: 
2018: 7,98 %
2019: -28,5 %","Entre 5 y 25","2015: 100,00 %
2016: 100,00 %
2017: 100,00 %
2018: 80,00 %
2019: 66,66 %","2015: 0 %
2016: 0 %
2017: 0 %
2018: 20,00 %
2019: 33,33 %","947557351","Activa","http://www.bodegaspascual.com","Bodegas Pascual elabora vinos de las Denominaciones de Origen Ribera del Duero, Rueda y Rias Baixas. Heredad de Peñalosa, Buró, Castildiego, Diodoro y Leira Reyero -","https://www.facebook.com/bodegas.pascual","NO","Importa y Exporta","336.564 €","6 (año 2020)","2020","Positivo Consultar","Fuentelcésped"
"3176","Bodegas Y Viñedos Juan Manuel Burgos Sl","CARRETERA CL-114, 37 - 39",0,0,"01/10/2002","1102 - Elaboración de vinos","FABRICACION, COMPRA, VENTA, ALMACENAMIENTO, TRANSPORTE, DISTRIBUCION, IMPORTACION Y EXPORTACION DE PRODUCTOS COMESTIBLES Y AL SERVICIO O DEL RAMO DE LA ALIMENTACION. EXPLOTACIONES HOSTELERAS. TRANSPORTE DE MERCANCIAS. CO","Entre 0,6 y 1,5 millones €","2017: 
2018: 38,27 %
2019: 0,2 %","Entre 5 y 25","2015: 75,00 %
2016: 60,00 %
2017: 60,00 %
2018: 80,00 %
2019: 44,44 %","2015: 25,00 %
2016: 40,00 %
2017: 40,00 %
2018: 20,00 %
2019: 55,55 %","947559515","Activa","http://www.avanvinos.com","La bodega AVAN está situada en Fuentelcésped y cuenta con la DO Ribera del Duero en sus vinos AVAN, para cuya elaboración une tradición y vanguardia -","https://www.facebook.com/avan.riberadelduero/?fref=ts, https://twitter.com/avanribera","NO","No constan","214.900 €","9 (año 2019)","2019","Positivo Consultar","Fuentelcésped"
"3190","Bodega Coop Ntra Sra De Nava","CARRETERA SANTA CRUZ",0,0,"10/09/1969","1102 - Elaboración de vinos","-","Entre 300 y 600 mil €","1998: 
1999: -3,04 %
2000: -33,85 %","Menos de 5","2000: 100,00 %","2000: 0 %","947557309","Activa","-","-","-","NO","No constan","29.047,14 €","1 (año 1999)","1999","Positivo Consultar","Fuentelcésped"
"3195","Bodegas Torrederos Sl","CARRETERA VALLADOLID (KM. 289.300), 122",41.619614,-3.902132,"11/02/2000","1102 - Elaboración de vinos","Cultivo de la uva, elaboración, crianza y comercialización del vino.","Entre 1,5 y 3 millones €","2016: 
2017: -3,37 %
2018: 26,87 %","Entre 5 y 25","2014: 80,00 %
2015: 100,00 %
2016: 83,33 %
2017: 83,33 %
2018: 83,33 %","2014: 20,00 %
2015: 0 %
2016: 16,66 %
2017: 16,66 %
2018: 16,66 %","947532627","Activa","http://www.torrederos.com","Grandes vinos de bodega perteneciente a la Denominación de Origen Ribera del Duero. Fuentelisendo. Burgos. España. Bodegas Torrederos pelets astilla","https://www.facebook.com/Bodegas-Torrederos-SL-457356484448062/, https://twitter.com/torrederos, https://www.instagram.com/torrederos/","NO","Exporta","1.865.232 €","6 (año 2019)","2019","Positivo Consultar","Fuentelisendo"
"3226","Bodegas Fuentespina Sl (extinguida)","CALLE CASCAJO",0,0,"24/03/1994","1102 - Elaboración de vinos","LA ELABORACION DE MOSTOS, MISTELAS, VINOS DE TODA CLASE Y BEBIDAS EN GENERAL, ASI COMO LA CRIANZA Y CONSERVACION DE LOS MISMOS, SIN EMBOTELLADO Y COMERCIALIZACION Y DISTRIBUCION.","Entre 3 y 6 millones €","2010: 
2011: -9,98 %
2012: 12,87 %","Entre 5 y 25","2008: 100,00 %
2009: 100,00 %
2010: 100,00 %
2011: 100,00 %
2012: 100,00 %","2008: 0 %
2009: 0 %
2010: 0 %
2011: 0 %
2012: 0 %","-","Extinguida","http://www.avelinovegas.com","% % -","https://www.facebook.com/AvelinoVegas, https://twitter.com/AvelinoVegas, https://www.instagram.com/avelinovegas/","NO","No constan","2.283.846 €","11 (año 2012)","2012","Positivo Consultar","Fuentespina"
"3257","Andres Matey Juan Miguel","-",NA,NA,"-","1102 - Elaboración de vinos","-","-","-","-","-","-","-","Activa","-","-","-","-","No constan","-","-","-","-","Fuentespina"
"3269","Bodegas Arrocal Sl","LUGAR ERAS DE SANTA MARIA, S/N",41.755797,-3.802691,"10/01/2003","1102 - Elaboración de vinos","Elaboración y crianza de vinos con denominación de origen Ribera del Duero.","Entre 0,6 y 1,5 millones €","2017: 
2018: -17,84 %
2019: 24,34 %","Entre 5 y 25","2015: 100,00 %
2016: 100,00 %
2017: 100,00 %
2018: 80,00 %
2019: 62,50 %","2015: 0 %
2016: 0 %
2017: 0 %
2018: 20,00 %
2019: 37,50 %","947561290","Activa","http://www.arrocal.com","- -","https://facebook.com/, https://twitter.com/, https://instagram.com/, https://linkedin.com/","NO","Importa y Exporta","240.000 €","8 (año 2020)","2020","Positivo Consultar","Gumiel de  Mercado"
"3274","Calvo Arroyo Sl","CALLE LA CERCA, 60",41.754286,-3.804877,"15/01/1999","1102 - Elaboración de vinos","LA COMPRAVENTA, DISTRIBUCION, COMERCIALIZACION CON CARACTER MAYORISTA O MINORISTA, IMPORTACION Y EXPORTACION Y LOS TRABAJOS DE PRODUCCION SELECCION Y MANIPULACION NECESARIOS DE LOS SIGUIENTES PRODUCTOS Y ARTICULOS. CEREA","Menor de 300 mil €","2016: 
2017: -60,02 %
2018: 353,32 %","Menos de 5","2014: 0 %
2015: 0 %
2016: 0 %
2017: 0 %
2018: 0 %","2014: 100,00 %
2015: 100,00 %
2016: 100,00 %
2017: 100,00 %
2018: 100,00 %","-","Activa","-","-","-","NO","No constan","210.646 €","2 (año 2018)","2018","Positivo Consultar","Gumiel de  Mercado"
"3278","Blanca De Castilla Sl","AVENIDA GOMEL, 31 - BJ",41.75735657,-3.80114461,"16/02/2000","1102 - Elaboración de vinos","LA ELABORACION Y CRIANZA DE VINOS, ASI COMO SU COMERCIALIZACION TANTO AL MERCADO INTERIOR COMO EL EXTERIOR.","-","Administrador:  MARIA MERCEDES C...
Administrador:  MERCEDES G...","-","-","-","947545057","Activa","-","-","-","NO","No constan","245.000 €","-","-","Positivo Consultar","Gumiel de  Mercado"
"3280","Plantaciones Viticolas Calvo Beltran Sl","CALLE EL GALLO, 7",41.756004,-3.801578,"05/05/2000","1102 - Elaboración de vinos","TODO TIPO DE ACTIVIDADES RELACIONADAS CON LA AGRICULTURA.","-","Administrador Único:  OLGA C...","-","-","-","-","Activa","-","-","-","NO","No constan","5.409,11 €","-","-","Positivo Consultar","Gumiel de  Mercado"
"3296","Calvo Beltran Raul","-",NA,NA,"-","1102 - Elaboración de vinos","ELABORACION, CRIANZA Y COMERCIALIZACION DE VINO CON DENOMINACION DE ORIGEN RIBERA DEL DUERO.","-","-","Menos de 5","-","-","-","Activa","-","-","-","-","No constan","-","1 (año 2010)","2010","-","Gumiel de  Mercado"
"3301","Bodegas Portia Sl","CARRETERA A-1 (KM 170)",0,0,"10/07/1997","1102 - Elaboración de vinos","Explotacion de bodega","Entre 6 y 30 millones €","2017: 
2018: 7,1 %
2019: 13,37 %","Entre 5 y 25","2015: 86,36 %
2016: 91,30 %
2017: 90,90 %
2018: 95,45 %
2019: 91,30 %","2015: 13,63 %
2016: 8,69 %
2017: 9,09 %
2018: 4,54 %
2019: 8,69 %","947102700","Activa","-","-","-","NO","Exporta","12.039.580,58 €","23 (año 2019)","2019","Positivo Consultar","Gumiel de Izán"
"3302","Bodegas Imperiales Sl","CARRETERA A-1 (KM 171)",0,0,"04/05/1998","1102 - Elaboración de vinos","Elaboración y comercialización de vino tinto con D.O. Ribera de Duero","Entre 1,5 y 3 millones €","2017: 
2018: -6,24 %
2019: 1,73 %","Entre 5 y 25","2015: 83,33 %
2016: 83,33 %
2017: 83,33 %
2018: 100,00 %
2019: 83,33 %","2015: 16,66 %
2016: 16,66 %
2017: 16,66 %
2018: 0 %
2019: 16,66 %","947544070","Activa","http://www.bodegasimperiales.com","Bodegas Imperiales elaboración de vinos de calidad en la DO Ribera del Duero y Rueda. Abadía de San Quirce. Gumiel de Izán bodegas, imperiales, abadía de san quirce, denominación de origen, ribera del duero, rueda, vino, tinto, crianza, reserva, gran reserva, verdejo","https://www.facebook.com/pages/Abadía-San-Quirce/1375881202738188?fref=ts, https://twitter.com/abadiasanquirce","NO","Exporta","5.719.506,65 €","6 (año 2020)","2020","Positivo Consultar","Gumiel de Izán"
"3304","Viña Gumiel Sl","CARRETERA A-1 (KM), 171",0,0,"24/11/1982","1102 - Elaboración de vinos","Elaboración y crianza de vinos tinto, rosado tinto roble","Entre 0,6 y 1,5 millones €","2017: 
2018: 22,4 %
2019: 7,4 %","Entre 5 y 25","2015: 100,00 %
2016: 100,00 %
2017: 100,00 %
2018: 100,00 %
2019: 100,00 %","2015: 0 %
2016: 0 %
2017: 0 %
2018: 0 %
2019: 0 %","947544009","Activa","http://www.vinagumiel.com","Bodega familiar, prueba nuestro vino, seguro que repites Vinos, Ribera del duero, bodegas, turismo, enología, crianzas, joven, rosados,Gumiel","","NO","No constan","34.341,83 €","12 (año 2020)","2020","Positivo Consultar","Gumiel de Izán"
"3305","Riberalta Sa","CARRETERA A-1 (KM 168)",0,0,"08/04/1988","1102 - Elaboración de vinos","Elaboración de vinos denominación de origen.","Entre 0,6 y 1,5 millones €","2016: 
2017: 13,16 %
2018: -29,06 %
2019:  %","Entre 5 y 25","2010: 60,00 %
2015: 71,42 %
2016: 75,00 %
2017: 100,00 %
2018: 83,33 %","2010: 40,00 %
2015: 28,57 %
2016: 25,00 %
2017: 0 %
2018: 16,66 %","947544101","Activa","http://www.bodegasriberalta.com","- -","","NO","Importa","1.269.818,37 €","8 (año 2020)","2020","Negativo Consultar","Gumiel de Izán"
"3309","Bodegas Cuevas Jimenez Sl","CARRETERA A-1, KM 165",0,0,"29/12/2003","1102 - Elaboración de vinos","LA PREPARACION, ELABORACION Y CRIANZA DE MOSTOS, VINOS Y TODO TIPO DE BEBIDAS ASI COMO SU COMERCIO. EXPLOTACION Y COMERCIO DE ACTIVIDADES AGRICOLAS Y GANADERAS. ADMINISTRACION Y EXPLOTACION DE NEGOCIOS DE ALIMENTACION Y","Entre 300 y 600 mil €","2017: 
2018: -9,81 %
2019: 16,96 %","Menos de 5","2015: 100,00 %
2016: 100,00 %
2017: 75,00 %
2018: 50,00 %
2019: 50,00 %","2015: 0 %
2016: 0 %
2017: 25,00 %
2018: 50,00 %
2019: 50,00 %","947679999","Activa","http://www.ferratus.es","Ahora envío gratis y regalosen nuestra tienda online -","https://www.facebook.com/bodegasferratus?fref=ts, https://twitter.com/bodegasferratus","NO","No constan","300.000 €","4 (año 2019)","2019","Positivo Consultar","Gumiel de Izán"
"3326","Vinicola De La Ribera Del Duero Sl.","CAMINO SAN PEDRO, 6",41.76826181,-3.68341027,"27/06/2018","1102 - Elaboración de vinos","Comercio al por mayor de bebidas. Compraventa de uva. Elaboración de vinos","-","Administrador Único:  PABLO MARIA C...","-","-","-","-","Activa","-","-","-","NO","No constan","3.000 €","-","-","-","Gumiel de Izán"
"3329","Bodega Nuestra Senora Del Rio S.a.","CAMINO VALLEJO, S/N",0,0,"24/10/2000","1102 - Elaboración de vinos","ELABORACION, EXPLOTACION, PRODUCCION, COMERCIALIZACION, IMPORTACION Y EXPORTACION DE TODO OBJETO VITIVINICOLA ASI COMO LA VENTA DE LOS PRODUCTOS ELABORADOS, MOSTO, VINO Y DEMAS PRODUCTOS CRIANZA Y ENVASADO DE VINOS Y SU","Menor de 300 mil €","2001: 
2002: 2944,5 %
2003: 174,8 %","Menos de 5","2001: 25,00 %
2002: 25,00 %
2003: 25,00 %","2001: 75,00 %
2002: 75,00 %
2003: 75,00 %","-","Activa","-","-","-","NO","No constan","360.615 €","4 (año 2008)","2008","Positivo Consultar","Gumiel de Izán"
"3331","Renalterra C.b.","PLAZA MAYOR, 2",41.77318994,-3.68753093,"01/01/2008","1102 - Elaboración de vinos","-","-","-","-","-","-","-","Activa","-","-","-","NO","No constan","-","-","-","-","Gumiel de Izán"
"3350","Bodega La Asuncion De Ntra Señora S.c.","CARRETERA MADRID",41.76691315,-3.68759137,"10/09/1969","1102 - Elaboración de vinos","ACTIVIDADES NECESARIAS PARA LA ELABORACION EN COMUN DE LAS UVAS RECOLECTADAS EN LAS EXPLOTACIONES DE LOS SOCIOS EN TODAS SUS FASES. COMERCIALIZACION, TIPIFICACION Y TRANSFORMACION DE LOS VINOS Y SUBPRODUCTOS YA SEAN ENVN","-","1996: 100,00 %
0 %: 1997
100,00 %: 0 %
1998: 100,00 %
0 %: 1999
100,00 %: 0 %
2000: 100,00 %
0 %: 100,00 %","Menos de 5","Presidente Consejo Rector:  ALFONSO D...
 JULIAN O...:  ALFONSO D...","Presidente Consejo Rector: Vicepresidente Consejo Rector
 JULIAN O...: Vicepresidente Consejo Rector","947544021","Activa","-","-","-","NO","No constan","95.813,87 €","2 (año 2002)","2002","Positivo Consultar","Gumiel de Izán"
"3355","Viejas De Izan Sl.","CALLE REAL, 14",41.77096501,-3.68866789,"23/11/2010","1102 - Elaboración de vinos","Producción, elaboración, comercialización, compra venta, importación y exportación de vinos, aceites, bebidas alcohólicas en general, maquinaria y productos agrícolas. Cultivo de la Vid. Fabricación de tonelería.Construcción y actividades inmobiliarias relacionadas con la viticultura. Restauración.","-","Administrador Solidario:  JUAN MANUEL G...
Administrador Solidario:  JUAN C...","-","-","-","-","Activa","-","-","-","NO","Importa y Exporta","23.132,16 €","-","-","Negativo Consultar","Gumiel de Izán"
"3396","Viñedos Y Bodegas Garcia Figuero Sl","CALLE DIPUTACION, 18",41.74099934,-3.87533192,"20/01/2001","1102 - Elaboración de vinos","Elaboración de vino tinto.","Entre 3 y 6 millones €","2017: 
2018: 3,25 %
2019: 4,91 %","Entre 5 y 25","2015: 84,61 %
2016: 73,33 %
2017: 75,00 %
2018: 70,58 %
2019: 60,00 %","2015: 15,38 %
2016: 26,66 %
2017: 25,00 %
2018: 29,41 %
2019: 40,00 %","947542127","Activa","http://www.tintofiguero.com","- -","http://facebook.com/TintoFiguero, http://twitter.com/FigueroWines","NO","Importa y Exporta","433.007 €","17 (año 2020)","2020","Positivo Consultar","Horra"
"3397","Bodegas Hermanos Sastre Sl","CALLE SAN PEDRO, S/N",41.73967617,-3.87526326,"15/07/1991","1102 - Elaboración de vinos","- Elaboración de vino tinto.","Entre 1,5 y 3 millones €","2017: 
2018: -2,95 %
2019: -2,64 %","Entre 5 y 25","2015: 77,77 %
2016: 77,77 %
2017: 77,77 %
2018: 87,50 %
2019: 87,50 %","2015: 22,22 %
2016: 22,22 %
2017: 22,22 %
2018: 12,50 %
2019: 12,50 %","947542108","Activa","http://www.vinasastre.com","- -","/facebook, /instagram","NO","Importa y Exporta","108.182,18 €","8 (año 2020)","2020","Positivo Consultar","Horra"
"3398","Bodegas Balbas Sl","LUGAR PARAJE LA MAJADA (S N)",41.742411,-3.87464,"27/07/1988","1102 - Elaboración de vinos","Comercialización, elaboración y crianza de vinos.","Entre 1,5 y 3 millones €","2017: 
2018: -14,18 %
2019: 16,22 %","Entre 5 y 25","2015: 90,90 %
2016: 90,90 %
2017: 100,00 %
2018: 100,00 %
2019: 100,00 %","2015: 9,09 %
2016: 9,09 %
2017: 0 %
2018: 0 %
2019: 0 %","947542111","Activa","http://www.balbas.es","Bodegas Balbás - Pioneros de la Ribera del Duero, desde 1777. Más de 200 años elaborando vino Ribera del Duero. Apostando por la tradición y la innovación. Somos las sexta generación de viticultores.  Ribera del Duero","","NO","Importa y Exporta","126.212,54 €","14 (año 2020)","2020","Positivo Consultar","Horra"
"3399","Bodega Coop Virgen De La Asuncion","CARRETERA BU-110 (AFUERAS), S/N",0,0,"01/01/1957","1102 - Elaboración de vinos","Gestión de bodega de vinos bajo la denominación Ribera del Duero.","Entre 1,5 y 3 millones €","2015: 
2017: 51,5 %
2018: -21,68 %
2019:  %","Entre 5 y 25","2013: 100,00 %
2014: 100,00 %
2015: 100,00 %
2017: 100,00 %
2018: 100,00 %","2013: 0 %
2014: 0 %
2015: 0 %
2017: 0 %
2018: 0 %","947542057","Activa","http://www.virgendelaasuncion.com","BODEGA COOPERATIVA VIRGEN DE LA ASUNCIÓN - Vinos de la Ribera del Duero bodega de vinos,vinos ribera del duero","","NO","Importa y Exporta","651.371,03 €","9 (año 2020)","2020","Negativo Consultar","Horra"
"3401","Bodegas La Horra Sl","LUGAR LA HORRA (CM DE ANGUIX), S/N",41.742705,-3.87524,"06/04/2009","1102 - Elaboración de vinos","Elaboración y venta de vino Ribera del Duero.","Entre 0,6 y 1,5 millones €","2017: 
2018: 11,86 %
2019: 4,46 %","Entre 5 y 25","2016: 100,00 %
2017: 83,33 %
2018: 85,71 %
2019: 85,71 %","2016: 0 %
2017: 16,66 %
2018: 14,28 %
2019: 14,28 %","941303001","Activa","http://www.bodegaslahorra.es","Bodegas Roda, descubra nuestros excelentes vinos de Rioja. Bodega ubicada sobre un calado centenario en el emblemático barrio de la estación de Haro. Roda, cata comentada, calado, cueva, gruta, premios, enoturismo, añadas, bodegas en Haro, bodegas en La Rioja, roda i, roda I, roda 1, boda Marta Ortega, boda heredera Zara, boda heredera Inditex, boda del año, hija Amancio Ortega, Zara, Inditex, Amancio Ortega, Cirsion, cirsión, roda, sela, vino roda, roda vino precio, roda vino rioja, roda vino tinto, bodegas riojanas, bodegas la rioja, bodegas la rioja alta, bodegas haro, bodegas haro rioja, bodega haro, bodega rioja, bodega en haro, bodega en rioja, bodega en la rioja, bodega en rioja alta, rioja vino, rioja vino tinto, haro vino, haro vino rioja, haro vino tinto, haro vino bodega, rioja vinos precios, rioja vinos bodegas, visitar en haro, bodegas para visitar, bodegas en haro para visitar","https://www.facebook.com/BodegasRoda/, https://www.facebook.com/BodegasRoda/, https://www.facebook.com/BodegasRoda/, https://www.facebook.com/BodegasRoda/, https://twitter.com/BodegasRoda, https://twitter.com/BodegasRoda, https://twitter.com/BodegasRoda, https://twitter.com/BodegasRoda, https://www.instagram.com/bodegasroda/, https://www.instagram.com/bodegasroda/, https://www.instagram.com/bodegasroda/, https://www.instagram.com/bodegasroda/","NO","Exporta","1.250.000 €","7 (año 2020)","2020","Positivo Consultar","Horra"
"3402","Bodegas Asenjo & Manso Sl","CARRETERA CL-619, KM 58.200",0,0,"29/04/2004","1102 - Elaboración de vinos","Elaboración y crianza de vinos de crianza y alta expresión.","Entre 0,6 y 1,5 millones €","2017: 
2018: 0,07 %
2019: 16,16 %","Menos de 5","2015: 100,00 %
2016: 100,00 %
2017: 100,00 %
2018: 100,00 %
2019: 100,00 %","2015: 0 %
2016: 0 %
2017: 0 %
2018: 0 %
2019: 0 %","-","Activa","http://www.asenjo-manso.com","Toda la información sobre las bodegas y viñedos Asenjo&Manso ubicados en la Horra. Perteneciente a la Ribera de Duero. Enoturismo, Venta de Vino, contacto -","www.facebook.com/bodegas.ceres, https://www.facebook.com/bodegas.ceres/?pnref=lhc, http://www.facebook.com/sharer.php?u=https%3A%2F%2Fwww.asenjo-manso.com%2F&t=inicio, https://twitter.com/ceresbodegas, https://twitter.com/share?url=https%3A%2F%2Fwww.asenjo-manso.com%2F&text=inicio, https://www.instagram.com/bodegasceres/","NO","Importa y Exporta","450.000 €","3 (año 2019)","2019","Positivo Consultar","Horra"
"3403","Bodegas Santa Eulalia Sa","CALLE MALPICA, S/N",0,0,"24/05/1988","1102 - Elaboración de vinos","Elaboración,crianza y comercialización de vinos tintos.","Entre 0,6 y 1,5 millones €","2016: 
2017: -10,12 %
2018: -25,59 %
2019:  %","Menos de 5","2014: 66,66 %
2015: 50,00 %
2016: 75,00 %
2017: 75,00 %
2018: 75,00 %","2014: 33,33 %
2015: 50,00 %
2016: 25,00 %
2017: 25,00 %
2018: 25,00 %","983586868","Activa","http://www.bodegasfrutosvillar.com","Vinos de excelente calidad de la Denominacion de Origen Cigales, Rueda, Toro y Ribera del Duero. Bodega situada en Cigales, Valladolid, con una reconocida trayectoria, marcada por la tradicion, el esfuerzo y la calidad. -","https://www.facebook.com/frutosvillar, https://twitter.com/@FrutosVillar, https://www.instagram.com/bodegas_frutos_villar/","NO","No constan","570.961,5 €","4 (año 2020)","2020","Positivo Consultar","Horra"
"3406","Bodegas Fuentenarro Sl","AVENIDA CONSTITUCION, 32",41.74161256,-3.87477661,"09/11/2001","1102 - Elaboración de vinos","LAS EXPLOTACIONES AGRICOLAS Y GANADERAS, ASI COMO LA PRODUCCION, ELABORACION, SELECCION, ALMACENAMIENTO Y COMERCIALIZACION DEL VINO Y SUS DERIVADOS.","Entre 300 y 600 mil €","2017: 
2018: -14,41 %
2019: 13,14 %","Menos de 5","2015: 100,00 %
2016: 100,00 %
2017: 100,00 %
2018: 100,00 %
2019: 100,00 %","2015: 0 %
2016: 0 %
2017: 0 %
2018: 0 %
2019: 0 %","-","Activa","http://www.fuentenarro.com","- -","https://www.facebook.com/bodegas.fuentenarro, https://www.facebook.com/bodegas.fuentenarro, https://twitter.com/fuentenarro, https://twitter.com/fuentenarro, https://twitter.com/fuentenarro, https://www.instagram.com/fuentenarro/, https://www.instagram.com/fuentenarro/, https://www.instagram.com/fuentenarro/","NO","No constan","769.730 €","4 (año 2019)","2019","Positivo Consultar","Horra"
"3407","Bodegas Y Viñedos Monte Aixa Sl","CALLE DIPUTACION, 8",41.74124811,-3.87521424,"28/04/1997","1102 - Elaboración de vinos","LA ELABORACION Y CRIANZA, ASI COMO EMBOTELLADO Y VENTA DE VINOS, MOSTOS, DERIVADOS Y TODO TIPO DE BEBIDAS ALCOHOLICAS O NO, ASI COMO EL COMERCIO AL MAYOR Y AL MENOR DE ESTOS PRODUCTOS. ACTIVIDADES AGRICOLAS Y GANADERAS D","Menor de 300 mil €","2017: 
2018: 36,37 %
2019: -7,15 %","-","Administrador:  ROBERTO B...
 CANDIDO B...:  ROBERTO B...","Administrador: Administrador
 CANDIDO B...: Administrador","947613872","Activa","-","-","-","NO","No constan","4.808,1 €","-","-","Positivo Consultar","Horra"
"3409","Ducado Lampar Sl","CALLE DIPUTACION, 14",41.74110049,-3.87529127,"25/02/2009","1102 - Elaboración de vinos","LA ELABORACION Y CRIANZA, ASI COMO LA VENTA DE VINOS Y SUS DERIVADOS Y SUCOMERCIALIZACION. LABORES DE PLANTACION, SIEMBRA, CULTIVO, RECOLECCION, TRANSPORTE Y TRATAMIENTO AGRICOLA DE TIERRAS, PRODUCTOS AGRICOLAS Y VINICOL","-","Administrador Único:  MARIA CONCEPCION C...","-","-","-","947542067","Activa","-","-","-","NO","No constan","3.100 €","-","-","Positivo Consultar","Horra"
